f1,accuracy,precision,recall,time,first_optimizer_result,second_optimizer_result
0.8813559322033898,0.804,0.7982456140350878,0.9837837837837838,0.010435342788696289,"0, 1, 2, 11, 20, 21, 23, 25, 26, 30, 31, 33, 36, 38, 41, 43, 52, 56, 61, 62, 65, 67, 73, 75, 76","0, 2, 7, 9, 11, 12, 20, 21, 22, 24"
